{"cameraMode":{"drawMode":0,"name":"Shaded","section":"Shading Mode"},"sceneLighting":true,"audioPlay":false,"sceneViewState":{"showFog":true,"showMaterialUpdate":true,"showSkybox":true,"showFlares":true,"showImageEffects":true,"showParticleSystems":true},"in2DMode":false,"pivot":{"x":28.07572364807129,"y":136.25045776367188,"z":-47.90736770629883},"rotation":{"x":-0.23316814005374909,"y":-0.19477030634880067,"z":0.047727279365062717,"w":-0.9515316486358643},"size":10.0,"orthographic":false}